City_ID,City,Country,Lat,Lng,Max Temp,Humidity,Cloudiness,Wind Speed,Current Description
0,Umm Kaddadah,SD,13.6017,26.6876,289.61,31,0,5.95,clear sky
1,Punta Arenas,CL,-53.15,-70.9167,288.15,44,20,9.77,few clouds
2,Pangnirtung,CA,66.1451,-65.7125,264.15,73,75,1.03,broken clouds
3,Rio Grande,BR,-32.035,-52.0986,302.15,51,0,3.6,clear sky
4,Dzerzhinskoye,RU,56.8344,95.2283,266.01,96,99,2.39,overcast clouds
5,Southampton,GB,50.904,-1.4043,278.71,86,100,2.24,light rain
6,Sakakah,SA,29.9697,40.2064,283.15,71,0,4.12,clear sky
7,Bredasdorp,ZA,-34.5322,20.0403,293.15,77,96,2.06,overcast clouds
8,Masindi,UG,1.6744,31.715,295.77,33,13,1.58,few clouds
9,Kapaa,US,22.0752,-159.319,296.15,49,1,2.06,clear sky
10,Burnie,AU,-41.0667,145.9167,290.93,85,42,2.24,scattered clouds
11,Levokumka,RU,44.2317,43.15,274.15,93,90,3.0,snow
12,Sawtell,AU,-30.3833,153.1,296.15,83,40,3.6,scattered clouds
13,Caravelas,BR,-17.7125,-39.2481,298.55,90,100,4.23,overcast clouds
14,Albany,US,42.6001,-73.9662,275.15,30,20,6.69,few clouds
15,Castro,BR,-24.7911,-50.0119,295.97,62,0,1.39,clear sky
16,Ostrovnoy,RU,68.0531,39.5131,261.11,93,100,4.55,light snow
17,Hilo,US,19.7297,-155.09,299.15,50,1,2.57,clear sky
18,Alugan,PH,12.2188,125.4808,299.76,85,91,6.64,overcast clouds
19,Mataura,NZ,-46.1927,168.8643,291.25,64,0,0.83,clear sky
20,Pangai,TO,-19.8,-174.35,299.15,100,90,1.03,moderate rain
21,Ribeira Grande,PT,38.5167,-28.7,289.15,88,75,8.23,broken clouds
22,Teguise,ES,29.0605,-13.564,288.15,77,40,5.14,scattered clouds
23,College,US,64.8569,-147.8028,251.48,71,90,0.77,mist
24,Xingcheng,CN,40.6167,120.7167,267.16,79,0,4.46,clear sky
25,Buriti Alegre,BR,-18.14,-49.0403,297.5,89,27,1.94,scattered clouds
26,General Roca,AR,-39.0333,-67.5833,305.15,37,0,1.54,clear sky
27,Mukhen,RU,48.1,136.1,247.19,88,99,0.68,overcast clouds
28,Xingyi,CN,24.1877,102.817,281.94,96,4,1.49,clear sky
29,Mahebourg,MU,-20.4081,57.7,298.15,83,20,2.57,few clouds
30,Saint-Augustin,CA,51.226,-58.6502,273.53,97,100,11.81,snow
31,Lompoc,US,34.6391,-120.4579,295.93,28,1,2.51,clear sky
32,Loandjili,CG,-4.7561,11.8578,301.15,83,20,3.09,moderate rain
33,San Quintin,MX,30.4833,-115.95,291.49,58,0,3.76,clear sky
34,Rikitea,PF,-23.1203,-134.9692,298.68,72,100,5.17,light rain
35,Georgetown,MY,5.4112,100.3354,300.15,83,20,2.06,few clouds
36,Jiangyou,CN,31.7667,104.7167,281.79,61,98,1.76,overcast clouds
37,Kondopoga,RU,62.2057,34.2614,262.15,85,100,4.0,light snow
38,Tiznit,MA,29.5833,-9.5,282.77,80,25,6.97,scattered clouds
39,Matara,LK,5.9485,80.5353,296.72,88,100,3.95,overcast clouds
40,East London,ZA,-33.0153,27.9116,297.24,86,10,1.49,clear sky
41,Tak Bai,TH,6.2595,102.0546,297.15,88,20,1.03,few clouds
42,Jamestown,US,42.097,-79.2353,267.15,49,1,7.72,clear sky
43,Zwedru,LR,6.0667,-8.1281,298.27,88,79,2.38,moderate rain
44,Vila Do Maio,CV,15.1333,-23.2167,294.15,60,75,9.26,broken clouds
45,Nelson Bay,AU,-32.7167,152.15,295.15,94,40,6.69,scattered clouds
46,Barrow,US,71.2906,-156.7887,254.15,71,90,4.12,mist
47,Hobart,AU,-42.8794,147.3294,289.15,67,75,7.2,broken clouds
48,Cairns,AU,-16.9167,145.7667,300.15,83,40,1.03,scattered clouds
49,Puerto Ayora,EC,-0.7393,-90.3518,303.15,66,0,5.66,clear sky
50,Bambous Virieux,MU,-20.3428,57.7575,298.15,83,20,2.57,few clouds
51,Cape Town,ZA,-33.9258,18.4232,295.93,78,20,5.14,few clouds
52,Belomorsk,RU,64.5232,34.7668,266.95,97,100,4.35,light snow
53,Nikolskoye,RU,59.7035,30.7861,260.93,78,72,7.0,snow
54,Harnai,PK,30.1005,67.9374,285.0,37,0,0.36,clear sky
55,Port Alfred,ZA,-33.5906,26.891,293.71,93,67,2.68,broken clouds
56,Nuuk,GL,64.1835,-51.7216,271.15,50,40,8.23,scattered clouds
57,Ushuaia,AR,-54.8,-68.3,285.15,76,40,8.23,scattered clouds
58,Nenjiang,CN,49.1833,125.2167,247.57,85,19,1.98,few clouds
59,Port Lincoln,AU,-34.7333,135.8667,289.33,72,80,5.06,broken clouds
60,Lezhe,AL,41.7836,19.6436,280.15,93,0,1.54,clear sky
61,Yellowknife,CA,62.456,-114.3525,238.71,67,1,1.55,clear sky
62,Odweyne,SO,9.4092,45.064,292.99,58,0,3.38,clear sky
63,Atuona,PF,-9.8,-139.0333,299.99,78,100,9.81,overcast clouds
64,Iquitos,PE,-3.7481,-73.2472,303.15,70,40,3.09,heavy intensity rain
65,Alibag,IN,18.6411,72.8792,300.15,32,23,3.6,smoke
66,Sabaudia,IT,41.3003,13.0282,288.71,63,0,0.89,clear sky
67,Hermanus,ZA,-34.4187,19.2345,293.15,89,82,2.43,broken clouds
68,Guerrero Negro,MX,27.9769,-114.0611,295.9,32,5,3.13,clear sky
69,Haines Junction,CA,60.7522,-137.5108,250.15,54,94,0.14,overcast clouds
70,Butaritari,KI,3.0707,172.7902,300.4,81,99,9.81,light rain
71,Chuy,UY,-33.6971,-53.4616,299.22,62,0,2.98,clear sky
72,Puerto Baquerizo Moreno,EC,-0.9,-89.6,302.15,84,20,6.17,few clouds
73,Conceicao Do Araguaia,BR,-8.2578,-49.2647,298.46,91,96,1.55,overcast clouds
74,Gunjur,GM,13.2019,-16.7339,296.15,53,0,4.63,clear sky
75,Cheney,US,47.4874,-117.5758,279.82,56,75,11.83,broken clouds
76,Komsomolskiy,UZ,40.4272,71.7189,278.15,52,100,2.06,overcast clouds
77,Akyab,MM,20.15,92.9,290.33,65,0,4.01,clear sky
78,Pasni,PK,25.2631,63.471,292.79,51,0,2.32,clear sky
79,Busselton,AU,-33.65,115.3333,287.59,96,100,1.34,light rain
80,Tasiilaq,GL,65.6145,-37.6368,274.15,64,75,15.43,light rain
81,Adrar,MR,20.5022,-10.0711,288.98,33,100,4.85,overcast clouds
82,Aklavik,CA,68.2191,-135.0107,241.15,75,90,1.54,light snow
83,Baiyin,CN,36.5583,104.2081,272.59,32,0,4.0,clear sky
84,Kodiak,US,57.79,-152.4072,276.15,60,1,4.63,clear sky
85,Lazaro Cardenas,MX,17.9583,-102.2,300.79,60,0,3.72,clear sky
86,Naifaru,MV,5.4444,73.3657,300.56,74,2,3.63,clear sky
87,Jasper,US,37.2001,-94.3502,273.15,80,90,4.63,light rain
88,Talara,PE,-4.5772,-81.2719,304.15,51,0,4.12,clear sky
89,Yar-Sale,RU,66.8333,70.8333,238.25,84,100,6.39,overcast clouds
90,Zalantun,CN,48.0,122.7167,250.94,83,0,2.9,clear sky
91,Touros,BR,-5.1989,-35.4608,301.15,69,40,4.63,scattered clouds
92,Podyuga,RU,61.095,40.8647,251.48,90,100,3.51,overcast clouds
93,New Norfolk,AU,-42.7826,147.0587,288.71,68,82,0.45,broken clouds
94,Lorengau,PG,-2.0226,147.2712,300.95,75,97,1.57,overcast clouds
95,Namatanai,PG,-3.6667,152.4333,299.83,77,74,1.4,broken clouds
96,Nouadhibou,MR,20.931,-17.0347,291.15,63,0,8.75,sand
97,Alyangula,AU,-13.8483,136.4192,300.15,89,90,6.69,moderate rain
98,Tiksi,RU,71.6872,128.8694,240.62,85,100,2.68,overcast clouds
99,Batyrevo,RU,55.0675,47.6111,254.41,90,100,5.96,overcast clouds
100,Norman Wells,CA,65.282,-126.8329,237.15,68,75,2.06,broken clouds
101,Kaeo,NZ,-35.1,173.7833,292.04,91,97,0.89,overcast clouds
102,San Policarpo,PH,12.1791,125.5072,300.02,84,88,7.04,overcast clouds
103,Port Hardy,CA,50.6996,-127.4199,279.15,81,75,7.2,broken clouds
104,Cidreira,BR,-30.1811,-50.2056,297.31,68,8,3.55,clear sky
105,Chokurdakh,RU,70.6333,147.9167,242.55,87,43,2.51,scattered clouds
106,Riachao Das Neves,BR,-11.7461,-44.91,296.85,76,100,1.12,moderate rain
107,Atambua,ID,-9.1061,124.8925,296.46,90,97,0.4,overcast clouds
108,Itarema,BR,-2.9248,-39.9167,300.29,75,28,5.84,scattered clouds
109,Kruisfontein,ZA,-34.0033,24.7314,294.26,79,2,1.34,clear sky
110,Half Moon Bay,US,37.4636,-122.4286,292.04,63,1,1.75,haze
111,Geraldton,AU,-28.7667,114.6,294.15,88,75,8.75,light rain
112,Mar Del Plata,AR,-38.0023,-57.5575,292.15,72,20,5.14,light rain
113,Shingu,JP,33.7333,135.9833,279.5,79,0,2.91,clear sky
114,Lalibela,ET,12.0333,39.0333,283.26,47,64,1.72,broken clouds
115,Wahiawa,US,21.5028,-158.0236,297.15,64,75,4.12,broken clouds
116,Springdale,US,36.1867,-94.1288,277.15,100,90,1.45,mist
117,Carnarvon,AU,-24.8667,113.6333,300.15,100,75,4.63,broken clouds
118,Fortuna,US,40.5982,-124.1573,285.93,87,20,5.14,few clouds
119,Pochutla,MX,15.7432,-96.4661,301.48,69,75,5.14,broken clouds
120,Arlit,NE,18.7369,7.3853,293.49,20,2,2.44,clear sky
121,Liverpool,GB,53.4106,-2.9779,276.48,93,40,6.69,scattered clouds
122,Bay Roberts,CA,47.5999,-53.2648,277.59,100,90,10.29,light rain
123,Ilulissat,GL,69.2167,-51.1,267.15,42,14,9.77,few clouds
124,Waipawa,NZ,-41.4122,175.5153,292.59,72,95,3.6,overcast clouds
125,Bluff,NZ,-46.6,168.3333,287.31,73,3,1.2,clear sky
126,Midland,US,31.9974,-102.0779,290.15,11,1,5.66,clear sky
127,Alta Floresta,BR,-9.8756,-56.0861,297.15,100,75,3.09,broken clouds
128,Laguna,US,38.421,-121.4238,290.93,51,1,0.21,clear sky
129,Fuyu,CN,45.1833,124.8167,253.15,91,69,2.27,broken clouds
130,Dali,CN,25.7,100.1833,280.02,63,16,1.44,few clouds
131,Benghazi,LY,32.1167,20.0667,291.34,52,72,5.53,broken clouds
132,Kaitangata,NZ,-46.2817,169.8464,289.08,71,1,1.94,clear sky
133,Srednekolymsk,RU,67.45,153.6833,245.18,84,41,1.63,scattered clouds
134,Faanui,PF,-16.4833,-151.75,300.87,68,1,4.64,clear sky
135,Oriximina,BR,-1.7656,-55.8661,303.64,62,93,2.05,overcast clouds
136,Bekhtery,UA,46.251,32.2927,269.15,93,0,1.0,light snow
137,Samana,DO,19.2056,-69.3369,301.15,74,20,4.12,few clouds
138,Bengkulu,ID,-3.8004,102.2655,297.66,75,99,2.94,overcast clouds
139,Vardo,NO,70.3705,31.1107,269.15,80,40,10.8,snow
140,Hithadhoo,MV,-0.6,73.0833,300.61,76,11,5.6,few clouds
141,Lavrentiya,RU,65.5833,-171.0,250.94,79,0,1.33,clear sky
142,Lebu,CL,-37.6167,-73.65,289.77,82,56,2.89,broken clouds
143,Lokosovo,RU,61.1333,74.8167,274.53,98,100,4.36,overcast clouds
144,Chicama,PE,-7.8447,-79.1469,295.15,83,61,4.63,broken clouds
145,Nuevitas,CU,21.5453,-77.2644,304.15,51,40,4.12,scattered clouds
146,Mayor Pablo Lagerenza,PY,-19.9309,-60.7718,307.02,21,90,3.3,overcast clouds
147,Nichinan,JP,31.6,131.3667,280.93,93,7,3.58,clear sky
148,Maniitsoq,GL,65.4167,-52.9,269.87,78,0,9.93,clear sky
149,Nome,US,64.5011,-165.4064,264.15,86,90,2.57,mist
150,Vaini,TO,-21.2,-175.2,301.15,83,75,3.6,light rain
151,Teacapan,MX,22.55,-105.75,296.62,57,6,4.2,clear sky
152,Lagoa,PT,39.05,-27.9833,288.89,87,100,10.79,overcast clouds
153,Yongan,CN,39.6957,113.6871,266.34,88,0,1.07,clear sky
154,Saint-Philippe,RE,-21.3585,55.7679,299.26,78,90,2.57,light rain
155,Mariel,CU,22.9875,-82.7536,301.15,69,75,5.14,broken clouds
156,Biograd Na Moru,HR,43.9433,15.4519,287.59,93,0,1.54,clear sky
157,Roebourne,AU,-20.7833,117.1333,298.59,74,26,4.03,scattered clouds
158,Paamiut,GL,61.994,-49.6678,267.32,81,0,4.04,clear sky
159,Northam,GB,51.0333,-4.2167,277.04,93,43,1.34,scattered clouds
160,Gumdag,TM,39.2061,54.5906,282.49,76,100,4.45,overcast clouds
161,Atyashevo,RU,54.5644,46.0691,251.6,91,100,5.94,overcast clouds
162,York,US,40.1254,-77.0,279.15,28,1,5.14,clear sky
163,Cayenne,GF,4.9333,-52.3333,298.15,100,75,1.54,moderate rain
164,Kamenka,RU,51.3223,42.7678,261.48,81,100,5.18,overcast clouds
165,Semey,KZ,50.4111,80.2275,270.98,91,55,10.05,broken clouds
166,Jaguaruna,BR,-28.615,-49.0256,298.71,32,96,3.86,overcast clouds
167,Richards Bay,ZA,-28.783,32.0377,296.42,85,94,2.85,overcast clouds
168,Soe,ID,-9.8607,124.284,292.33,98,95,1.81,overcast clouds
169,Ossora,RU,59.2353,163.0719,266.29,96,100,13.56,snow
170,Zarubino,RU,42.63,131.0922,262.63,89,37,3.32,scattered clouds
171,Vao,NC,-22.6667,167.4833,298.21,87,0,2.87,clear sky
172,Rudbar,AF,30.15,62.6,287.77,27,0,2.76,clear sky
173,Mizdah,LY,31.4451,12.9801,291.94,26,99,4.45,overcast clouds
174,Dikson,RU,73.5069,80.5464,239.24,86,88,4.8,overcast clouds
175,Port Elizabeth,ZA,-33.918,25.5701,293.15,88,40,7.2,scattered clouds
176,Tadine,NC,-21.55,167.8833,299.51,77,0,1.04,clear sky
177,Kirakira,SB,-10.4544,161.9205,299.53,84,87,3.11,overcast clouds
178,Torbay,CA,47.6666,-52.7314,275.37,100,90,10.29,light rain
179,Solnechnyy,RU,50.7214,136.6319,252.8,89,100,1.44,overcast clouds
180,Pimenta Bueno,BR,-11.6725,-61.1936,300.53,78,80,1.55,broken clouds
181,Warangal,IN,18.0,79.5833,290.25,78,0,3.75,clear sky
182,Grindavik,IS,63.8424,-22.4338,274.15,69,0,7.2,clear sky
183,Yamethin,MM,20.4333,96.15,294.51,48,87,1.7,overcast clouds
184,Port Hedland,AU,-20.3167,118.5667,298.15,83,0,3.09,clear sky
185,Baruun-Urt,MN,46.6806,113.2792,250.14,84,0,3.74,clear sky
186,Naze,JP,28.3667,129.4833,288.83,81,98,4.47,overcast clouds
187,Namibe,AO,-15.1961,12.1522,295.29,77,29,3.8,scattered clouds
188,Avarua,CK,-21.2078,-159.775,302.15,74,60,4.12,light rain
189,Amuntai,ID,-2.4177,115.2494,296.61,97,100,0.3,overcast clouds
190,Mount Gambier,AU,-37.8333,140.7667,286.15,88,90,4.12,overcast clouds
191,Vestmanna,FO,62.1564,-7.1664,275.15,55,20,9.77,few clouds
192,Gorele,TR,41.0308,39.0031,285.15,54,0,1.54,clear sky
193,Hamilton,US,39.1834,-84.5333,275.93,41,99,0.81,overcast clouds
194,Constitucion,CL,-35.3333,-72.4167,291.12,72,22,2.65,few clouds
195,Longyearbyen,SJ,78.2186,15.6401,266.15,79,75,2.06,broken clouds
196,Gao,ML,16.6362,1.637,296.22,19,30,3.04,scattered clouds
197,Valdosta,US,30.8327,-83.2785,282.15,87,90,3.6,mist
198,Vestmannaeyjar,IS,63.4427,-20.2734,277.16,73,30,13.49,scattered clouds
199,Peterborough,GB,52.5736,-0.2478,277.15,100,90,7.72,moderate rain
200,Quatre Cocos,MU,-20.2078,57.7625,298.15,83,20,2.57,few clouds
201,Petropavlovsk-Kamchatskiy,RU,53.0452,158.6483,269.15,63,100,11.0,snow
202,Lamu,KE,-2.2717,40.902,298.15,86,44,4.37,scattered clouds
203,Sobolevo,RU,54.4299,31.8996,254.31,93,85,3.68,overcast clouds
204,Huanren,CN,41.2647,125.3667,262.63,93,0,1.49,clear sky
205,Kontagora,NG,10.3999,5.4695,300.47,17,100,2.56,overcast clouds
206,Khorol,UA,49.7837,33.2783,261.75,95,73,3.39,broken clouds
207,Santa Cruz,BO,-17.8,-63.1667,304.15,48,40,2.57,scattered clouds
208,Sao Jose Da Coroa Grande,BR,-8.8978,-35.1478,299.67,77,64,4.82,broken clouds
209,Mandalgovi,MN,45.7625,106.2708,258.33,87,0,4.01,clear sky
210,Garden City,US,42.3256,-83.331,267.59,58,40,5.66,scattered clouds
211,Kilindoni,TZ,-7.9139,39.6668,300.63,78,75,5.58,broken clouds
212,Fairbanks,US,64.8378,-147.7164,252.04,84,90,0.89,snow
213,Kimbe,PG,-5.5502,150.1429,298.79,87,100,0.63,light rain
214,Beringovskiy,RU,63.05,179.3167,249.67,89,26,3.81,scattered clouds
215,Russell,US,32.3502,-85.1999,280.15,87,90,2.57,mist
216,Souillac,MU,-20.5167,57.5167,298.15,83,20,2.57,few clouds
217,Ahipara,NZ,-35.1667,173.1667,291.88,74,91,2.6,overcast clouds
218,Baykit,RU,61.67,96.37,261.47,92,100,2.41,snow
219,Bovolone,IT,45.2548,11.1263,283.15,100,75,1.54,mist
220,Qaanaaq,GL,77.484,-69.3632,261.61,87,100,4.23,overcast clouds
221,Bure,ET,10.7,37.0667,285.58,40,0,2.23,clear sky
222,Te Anau,NZ,-45.4167,167.7167,289.49,62,6,0.97,clear sky
223,Porto Novo,BJ,6.4965,2.6036,303.15,79,20,5.66,few clouds
224,Jishou,CN,28.3167,109.7167,284.98,82,100,0.68,overcast clouds
225,Sitka,US,57.0531,-135.33,275.15,75,40,4.63,light snow
226,Oksfjord,NO,70.2396,22.3479,270.93,80,40,5.14,snow
227,Akom,CM,2.6678,12.7109,296.04,73,6,2.25,clear sky
228,Port Arthur,CN,38.8,121.2667,272.15,55,0,4.0,clear sky
229,Gravenhurst,CA,44.9168,-79.3663,266.48,73,90,5.66,light snow
230,Pevek,RU,69.7008,170.3133,252.92,87,63,2.14,broken clouds
231,Dalhousie,IN,32.5333,75.9833,275.41,61,0,2.9,clear sky
232,Rusape,ZW,-18.5278,32.1284,290.15,96,94,0.85,overcast clouds
233,Esperance,AU,-33.8667,121.9,288.15,88,90,4.12,light rain
234,Kokopo,PG,-4.352,152.2633,298.16,82,23,2.14,few clouds
235,Tucuman,AR,-26.8241,-65.2226,305.15,43,0,3.09,clear sky
236,Khatanga,RU,71.9667,102.5,235.31,78,0,3.28,clear sky
237,Villarrobledo,ES,39.2699,-2.6012,279.82,96,90,2.24,overcast clouds
238,Provideniya,RU,64.3833,-173.3,255.25,89,67,3.45,broken clouds
239,Da Lat,VN,11.9465,108.4419,286.38,98,75,1.09,broken clouds
240,General Elizardo Aquino,PY,-24.4333,-56.7,299.21,60,0,2.48,clear sky
241,Tuktoyaktuk,CA,69.4541,-133.0374,246.15,76,75,8.23,snow
242,Kahului,US,20.8947,-156.47,297.15,50,20,3.6,few clouds
243,Bosaso,SO,11.2842,49.1816,296.2,77,15,0.76,few clouds
244,Carman,CA,49.4992,-98.0016,248.15,53,95,5.66,overcast clouds
245,Mingaora,PK,34.7758,72.3625,281.39,43,0,2.11,clear sky
246,Mokhsogollokh,RU,61.4681,128.9203,234.15,80,94,1.16,overcast clouds
247,Rudraprayag,IN,30.2833,78.9833,281.24,51,0,2.35,clear sky
248,Ilhabela,BR,-23.7781,-45.3581,297.76,67,80,1.62,broken clouds
249,Pisco,PE,-13.7,-76.2167,297.15,78,75,4.63,light rain
250,Snyder,US,32.7179,-100.9176,289.15,13,1,9.26,clear sky
251,Panaba,MX,21.2833,-88.2667,305.4,49,11,5.45,few clouds
252,Thompson,CA,55.7435,-97.8558,241.15,56,75,7.2,snow
253,Maku,IR,39.2911,44.4521,271.93,83,0,2.83,clear sky
254,Livingstonia,MW,-10.606,34.1063,292.19,85,99,1.69,light rain
255,Flinders,AU,-34.5833,150.8552,294.26,88,3,0.45,clear sky
256,Ust-Ordynskiy,RU,52.805,104.7508,254.15,84,0,1.59,clear sky
257,Iqaluit,CA,63.7506,-68.5145,269.15,86,90,6.17,overcast clouds
258,Bethel,US,41.3712,-73.414,278.15,30,1,6.17,clear sky
259,Chulumani,BO,-16.4096,-67.5263,295.02,74,66,1.54,broken clouds
260,Sal Rei,CV,16.1833,-22.9167,293.15,60,75,9.26,broken clouds
261,Coruripe,BR,-10.1256,-36.1756,299.97,77,21,7.74,few clouds
262,Asmara,ER,15.3333,38.9333,279.5,100,57,1.72,broken clouds
263,Mahibadhoo,MV,3.7833,72.9667,300.19,77,27,4.97,scattered clouds
264,Acapulco,MX,16.8634,-99.8901,302.15,65,20,4.12,few clouds
265,Vila,PT,42.0304,-8.1588,279.26,83,60,1.73,broken clouds
266,Arraial Do Cabo,BR,-22.9661,-42.0278,295.15,94,75,1.54,broken clouds
267,Kothapet,IN,19.3333,79.4833,290.89,43,44,2.72,scattered clouds
268,Luanda,AO,-8.8368,13.2343,300.15,78,20,4.12,few clouds
269,Anadyr,RU,64.75,177.4833,251.48,77,10,6.0,clear sky
270,Chunskiy,RU,56.0815,99.6342,264.17,97,100,2.1,overcast clouds
271,Kenai,US,60.5544,-151.2583,263.71,92,90,2.57,mist
272,Tortoli,IT,39.9256,9.6572,286.15,88,90,5.66,overcast clouds
273,Hasaki,JP,35.7333,140.8333,276.15,81,20,1.54,few clouds
274,Kinrooi,BE,51.1476,5.7385,273.71,100,90,7.2,snow
275,Maldonado,UY,-34.6667,-54.9167,296.48,83,75,7.2,broken clouds
276,Airai,TL,-8.9266,125.4092,288.77,100,95,0.93,overcast clouds
277,Manggar,ID,-2.8833,108.2667,299.35,84,99,5.46,overcast clouds
278,Ketchikan,US,55.3422,-131.6461,276.15,93,90,4.12,light rain
279,Makakilo City,US,21.3469,-158.0858,297.15,50,90,4.12,overcast clouds
280,Abu Dhabi,AE,24.4667,54.3667,294.15,60,0,1.03,clear sky
281,Tautira,PF,-17.7333,-149.15,301.15,54,40,6.17,light rain
282,Fort Nelson,CA,58.8053,-122.7002,242.15,76,1,1.03,clear sky
283,Hofn,IS,64.2539,-15.2082,274.55,86,98,7.71,light snow
284,Taltal,CL,-25.4,-70.4833,293.75,60,22,2.49,few clouds
285,Ancud,CL,-41.8697,-73.8203,298.15,44,0,3.6,clear sky
286,Helena,US,46.5927,-112.0361,271.48,73,90,1.2,light snow
287,Damphu,BT,27.0721,90.1096,282.27,66,90,2.52,overcast clouds
288,Senador Jose Porfirio,BR,-2.5908,-51.9542,304.85,51,17,1.79,few clouds
289,Mapiripan,CO,2.8892,-72.1256,302.0,71,83,2.71,broken clouds
290,Beloha,MG,-25.1667,45.05,297.47,91,4,2.19,clear sky
291,Sept-Iles,CA,50.2001,-66.3821,272.15,100,100,1.54,snow
292,Nishihara,JP,26.1842,127.7558,292.15,77,20,3.09,few clouds
293,Gojra,PK,31.1487,72.6866,284.44,49,0,1.26,clear sky
294,Victoria,HK,22.2855,114.1577,292.04,67,0,1.78,clear sky
295,Moussoro,TD,13.6408,16.4901,293.65,21,78,5.29,broken clouds
296,Straumen,NO,63.8709,11.2999,269.82,79,0,3.6,clear sky
297,Torit,SS,4.4133,32.5678,297.69,21,0,0.62,clear sky
298,Meleuz,RU,52.9667,55.9167,257.15,91,100,6.63,overcast clouds
299,Dalian,CN,38.9122,121.6022,272.15,55,0,4.0,clear sky
300,Juneau,US,58.3019,-134.4197,269.15,46,40,2.06,scattered clouds
301,Marsh Harbour,BS,26.5412,-77.0636,297.95,78,0,9.11,clear sky
302,Uyemskiy,RU,64.4743,40.8524,259.15,66,90,5.0,light snow
303,Pacifica,US,37.6138,-122.4869,292.04,67,1,2.06,clear sky
304,Cabo San Lucas,MX,22.8909,-109.9124,299.82,56,1,4.12,clear sky
305,Xai-Xai,MZ,-25.0519,33.6442,297.35,85,98,2.62,overcast clouds
306,Vredendal,ZA,-31.6683,18.5012,293.09,82,0,6.8,clear sky
307,Ulm,DE,48.3984,9.9916,278.71,88,100,0.45,overcast clouds
308,At-Bashi,KG,41.1702,75.8106,267.75,78,100,0.82,overcast clouds
309,Launceston,AU,-41.45,147.1667,287.04,100,75,2.57,broken clouds
310,Comodoro Rivadavia,AR,-45.8667,-67.5,287.15,72,90,7.72,light rain
311,Kyra,RU,49.5776,111.9753,251.64,84,67,1.55,broken clouds
312,Saskylakh,RU,71.9167,114.0833,235.45,81,96,3.18,overcast clouds
313,Rundu,NA,-17.9333,19.7667,295.47,69,100,1.35,light rain
314,Malanje,AO,-9.5402,16.341,292.11,96,100,1.32,overcast clouds
315,Kavaratti,IN,10.5669,72.642,300.48,58,12,3.08,few clouds
316,Atar,MR,20.5169,-13.0499,290.29,30,1,5.2,clear sky
317,Macaubas,BR,-13.0194,-42.6986,296.15,88,84,1.01,broken clouds
318,Isangel,VU,-19.55,169.2667,298.15,94,20,1.46,few clouds
319,Dingle,PH,10.9995,122.6711,296.65,92,48,3.29,light rain
320,Gat,IL,31.61,34.7642,287.59,100,1,0.86,clear sky
321,Madinat Sittah Uktubar,EG,29.8167,31.05,288.15,77,0,5.01,clear sky
322,Methoni,GR,36.8197,21.7049,287.04,93,9,1.54,clear sky
323,Huarmey,PE,-10.0681,-78.1522,296.95,67,60,4.74,broken clouds
324,Nhulunbuy,AU,-12.2333,136.7667,300.15,83,75,5.66,light rain
325,Svetlyy,RU,54.675,20.1347,255.15,85,0,1.91,clear sky
326,Fatsa,TR,41.0278,37.5014,281.15,76,0,3.84,clear sky
327,Morondava,MG,-20.2833,44.2833,300.42,81,99,2.02,moderate rain
328,Narsaq,GL,60.9167,-46.05,272.15,40,75,2.57,broken clouds
329,Evanston,US,42.0411,-87.6901,263.15,67,90,3.09,light snow
330,Morant Bay,JM,17.8815,-76.4093,303.15,65,20,10.8,few clouds
331,Arvika,SE,59.6553,12.5852,264.15,86,20,2.57,few clouds
332,Pitimbu,BR,-7.4706,-34.8086,301.15,74,0,3.6,clear sky
333,Mahajanga,MG,-15.7167,46.3167,299.15,94,40,0.51,light rain
334,Grand Gaube,MU,-20.0064,57.6608,298.15,84,1,2.24,moderate rain
335,Tazovskiy,RU,67.4667,78.7,240.58,86,66,4.32,broken clouds
336,Tynda,RU,55.1667,124.7167,243.3,82,67,1.23,broken clouds
337,Itoman,JP,26.1247,127.6694,292.15,88,75,1.54,broken clouds
338,Ixtapa,MX,20.7,-105.2,298.15,65,75,4.12,broken clouds
339,Lethem,GY,3.3803,-59.7968,305.29,44,100,5.43,overcast clouds
340,Emerald,AU,-23.5333,148.1667,300.37,78,90,3.09,overcast clouds
341,Altay,CN,47.8667,88.1167,267.51,89,84,1.01,broken clouds
342,Yulara,AU,-25.2406,130.9889,294.15,40,0,3.09,clear sky
343,Vostok,RU,46.4856,135.8833,247.92,90,100,1.1,overcast clouds
344,Tonantins,BR,-2.8731,-67.8022,301.54,81,61,1.68,broken clouds
345,Valle De Guadalupe,MX,21.0,-102.6167,298.58,17,98,5.54,overcast clouds
346,Oistins,BB,13.0667,-59.5333,301.15,57,20,8.75,few clouds
347,Puerto Ayacucho,VE,5.6639,-67.6236,307.32,42,99,1.61,overcast clouds
348,Pombas,CV,17.1503,-25.0201,294.15,56,75,9.26,broken clouds
349,Quelimane,MZ,-17.8786,36.8883,302.04,89,40,1.03,light rain
350,Muros,ES,42.7762,-9.0603,279.26,86,60,0.89,broken clouds
351,Vila Franca Do Campo,PT,37.7167,-25.4333,288.71,94,75,5.66,broken clouds
352,Baijiantan,CN,45.6333,85.1833,264.04,93,0,0.6,clear sky
353,Yuncheng,CN,35.0231,110.9928,279.24,52,52,1.44,broken clouds
354,Arman,RU,59.7,150.1667,258.26,87,100,4.86,overcast clouds
355,Klyuchi,RU,52.2667,79.1667,270.92,92,59,10.13,broken clouds
356,La Ronge,CA,55.1001,-105.2842,244.15,57,71,3.6,broken clouds
357,Monte Alegre,BR,-2.0078,-54.0692,305.8,45,26,3.27,scattered clouds
358,Cockburn Town,TC,21.4612,-71.1419,300.15,69,20,7.2,few clouds
359,Xining,CN,36.6167,101.7667,267.35,68,100,1.05,overcast clouds
360,Narok,KE,-1.0783,35.8601,290.59,73,100,0.62,overcast clouds
361,San Cristobal,VE,7.7669,-72.225,304.15,55,40,4.12,scattered clouds
362,Novi,US,42.4806,-83.4755,267.59,63,100,1.34,overcast clouds
363,Harper,LR,4.375,-7.7169,299.53,87,8,3.85,clear sky
364,Egvekinot,RU,66.3167,-179.1667,250.99,77,9,3.7,clear sky
365,Katsuura,JP,35.1333,140.3,279.15,65,0,2.57,clear sky
366,Hambantota,LK,6.1241,81.1185,297.95,82,97,7.13,overcast clouds
367,Sanmenxia,CN,34.7747,111.1814,280.17,47,63,0.95,broken clouds
368,Dhidhdhoo,MV,6.8833,73.1,300.44,77,0,4.5,clear sky
369,Mahanoro,MG,-19.9,48.8,299.12,83,100,3.5,overcast clouds
370,North Bend,US,43.4065,-124.2243,282.59,71,90,2.06,overcast clouds
371,Appingedam,NL,53.3217,6.8583,272.59,76,100,4.92,overcast clouds
372,Upernavik,GL,72.7868,-56.1549,266.46,77,97,1.88,overcast clouds
373,Sao Filipe,CV,14.8961,-24.4956,294.02,76,62,6.44,broken clouds
374,Luang Prabang,LA,19.8856,102.1347,291.63,75,0,0.29,clear sky
375,Araouane,ML,18.9048,-3.5265,298.07,21,100,8.03,overcast clouds
376,Oranjemund,NA,-28.55,16.4333,291.21,93,13,6.54,few clouds
377,Klaksvik,FO,62.2266,-6.589,275.15,55,20,9.77,few clouds
378,Champerico,GT,14.3,-91.9167,305.15,48,40,3.09,scattered clouds
379,Karratha,AU,-20.7377,116.8463,298.44,70,18,4.38,few clouds
380,Aksu,CN,41.1231,80.2644,269.68,87,10,1.34,clear sky
381,Ola,RU,59.5833,151.2833,259.65,88,100,4.35,overcast clouds
382,Buala,SB,-8.145,159.5921,300.84,81,94,4.75,light rain
383,Khovu-Aksy,RU,51.1333,93.6,257.71,87,1,2.44,clear sky
384,Kampong Cham,KH,11.9934,105.4635,296.62,80,78,2.65,broken clouds
385,Verkhnyaya Inta,RU,65.9811,60.3094,239.72,84,73,4.5,broken clouds
386,Mayo,US,38.8876,-76.5119,283.71,32,1,2.06,clear sky
387,Dedza,MW,-14.3779,34.3332,288.65,98,100,0.52,overcast clouds
388,Orlik,RU,52.5178,99.825,251.97,81,47,1.28,scattered clouds
389,Qui Nhon,VN,13.7667,109.2333,293.94,90,90,3.49,overcast clouds
390,Brae,GB,60.3964,-1.353,274.15,51,40,8.23,scattered clouds
391,Salalah,OM,17.0151,54.0924,297.15,69,40,3.6,scattered clouds
392,Florianopolis,BR,-27.6146,-48.5012,298.15,65,0,6.17,clear sky
393,Dwarka,IN,22.2394,68.9678,294.06,45,0,6.33,clear sky
394,Macau,MO,22.2006,113.5461,290.15,88,0,0.39,clear sky
395,San Patricio,US,28.017,-97.5169,296.15,64,75,7.2,broken clouds
396,Bandarbeyla,SO,9.4942,50.8122,297.61,79,27,6.03,scattered clouds
397,Mantua,IT,45.1667,10.7833,282.59,94,100,1.79,light rain
398,Kitui,KE,-1.367,38.0106,294.2,67,52,1.2,broken clouds
399,Hamada,JP,34.8833,132.0833,277.59,32,35,1.34,scattered clouds
400,Clyde River,CA,70.4692,-68.5914,248.15,77,75,2.06,broken clouds
401,Kaitong,CN,44.8135,123.15,256.82,93,70,2.97,broken clouds
402,Kalmunai,LK,7.4167,81.8167,297.78,88,48,4.15,scattered clouds
403,Seydi,TM,39.4816,62.9137,282.92,64,100,2.15,overcast clouds
404,Pokhara,NP,28.2333,83.9833,281.95,51,0,1.85,clear sky
405,Maumere,ID,-8.6199,122.2111,299.13,77,99,1.28,overcast clouds
406,Lata,PT,40.1629,-8.3327,284.26,79,63,1.34,broken clouds
407,Asau,RO,46.4333,26.4,271.48,74,100,1.63,light rain
408,Ekuvukeni,ZA,-28.4675,30.1551,290.81,91,76,1.75,light rain
409,Sao Joao Da Barra,BR,-21.6403,-41.0511,295.15,94,75,6.17,broken clouds
410,Koslan,RU,63.4564,48.8989,247.74,86,100,4.3,overcast clouds
411,Maceio,BR,-9.6658,-35.7353,300.15,78,0,5.14,clear sky
412,Vila Velha,BR,-20.3297,-40.2925,301.15,74,20,7.2,few clouds
413,Barahona,DO,18.2085,-71.1008,301.15,83,40,8.23,scattered clouds
414,Isiro,CD,2.7739,27.616,293.48,36,0,1.08,clear sky
415,Coquimbo,CL,-29.9533,-71.3436,292.15,63,0,6.17,clear sky
416,Tabas,IR,33.5959,56.9244,284.15,22,5,2.06,clear sky
417,Bekes,HU,46.75,21.0,278.15,90,100,3.58,overcast clouds
418,San Blas,MX,21.5167,-105.2667,301.15,57,20,4.12,few clouds
419,Miles City,US,46.4083,-105.8406,257.15,66,90,3.6,overcast clouds
420,Alofi,NU,-19.0595,-169.9187,302.15,79,75,5.66,light rain
421,Ballina,AU,-28.8667,153.5667,295.93,88,40,1.59,scattered clouds
422,Balkhash,KZ,46.844,74.9804,274.38,91,100,6.82,light rain
423,Natal,BR,-5.795,-35.2094,302.15,65,75,5.14,broken clouds
424,Diffa,NE,13.3154,12.6113,293.39,24,95,4.74,overcast clouds
425,Shiyan,CN,32.6475,110.7781,282.58,48,17,0.63,few clouds
426,Rovaniemi,FI,66.5,25.7167,263.15,85,0,4.63,clear sky
427,Kang,BW,-23.6752,22.7876,292.75,90,98,4.21,overcast clouds
428,Show Low,US,34.2542,-110.0298,283.71,16,1,4.12,clear sky
429,Talnakh,RU,69.4865,88.3972,239.25,74,0,1.17,clear sky
430,Udachnyy,RU,66.4167,112.4,235.1,79,0,2.27,clear sky
431,Taoudenni,ML,22.6783,-3.9836,291.76,27,12,5.02,few clouds
432,Khor,RU,47.8861,134.9464,246.65,89,98,1.22,overcast clouds
433,Hermon,US,44.8101,-68.9134,275.37,37,75,2.57,broken clouds
434,Guntakal,IN,15.1667,77.3833,292.47,61,4,3.36,clear sky
435,Saint George,US,37.1041,-113.5841,288.71,24,1,1.02,clear sky
436,Luganville,VU,-15.5333,167.1667,300.48,74,4,2.07,clear sky
437,La Asuncion,VE,11.0333,-63.8628,298.93,73,100,8.06,overcast clouds
438,North Battleford,CA,52.7834,-108.2847,245.15,69,1,1.54,clear sky
439,Chontalpa,MX,17.7,-93.5167,304.39,59,0,2.75,clear sky
440,Sambava,MG,-14.2667,50.1667,297.96,85,95,1.77,overcast clouds
441,Miracema Do Tocantins,BR,-9.5618,-48.3967,297.7,92,99,1.56,overcast clouds
442,Nemuro,JP,43.3236,145.575,269.42,97,100,5.68,light snow
443,Tairua,NZ,-37.0167,175.85,293.15,61,97,3.58,overcast clouds
444,Hualmay,PE,-11.0964,-77.6139,296.84,68,85,4.29,overcast clouds
445,Makkaveyevo,RU,51.7533,113.9454,247.15,84,82,0.93,broken clouds
446,Biritiba-Mirim,BR,-23.5698,-46.0407,298.15,68,75,6.17,broken clouds
447,Axim,GH,4.8699,-2.2405,299.94,87,0,3.83,clear sky
448,Kavieng,PG,-2.5744,150.7967,301.08,74,88,1.94,overcast clouds
449,Linxia,CN,35.6003,103.2064,272.01,70,100,0.56,overcast clouds
450,Cumbum,IN,9.7333,77.3,291.79,76,0,0.18,clear sky
451,Gambela,ET,8.25,34.5833,299.71,17,81,0.96,broken clouds
452,Locharbriggs,GB,55.1034,-3.5844,276.48,100,75,10.29,broken clouds
453,Hede,CN,33.7681,120.2517,280.14,77,0,1.97,clear sky
454,Barcelona,ES,41.3888,2.159,286.48,88,20,4.12,few clouds
455,Ponta Do Sol,PT,32.6667,-17.1,285.93,67,14,0.45,few clouds
456,Urusha,RU,54.05,122.9,246.61,85,97,1.3,overcast clouds
457,Halifax,CA,44.6453,-63.5724,278.15,56,3,11.83,clear sky
458,Zhigansk,RU,66.7697,123.3711,232.66,80,94,5.13,overcast clouds
459,Kuusamo,FI,65.9667,29.1833,265.15,86,90,5.14,overcast clouds
460,Ponta Delgada,PT,37.7333,-25.6667,288.71,94,75,5.66,broken clouds
461,Tutoia,BR,-2.7619,-42.2744,302.15,74,20,7.72,few clouds
462,Sudbury,CA,46.49,-80.99,264.26,57,75,7.72,snow
463,Sorland,NO,67.667,12.6934,274.79,81,77,10.83,broken clouds
464,Bonavista,CA,48.6499,-53.1147,274.26,100,100,2.06,moderate rain
465,Saint-Joseph,RE,-21.3667,55.6167,299.26,78,90,2.57,light rain
466,Tommot,RU,58.9564,126.2925,243.02,81,94,0.67,overcast clouds
467,Ca Mau,VN,9.1769,105.15,295.93,87,91,1.05,overcast clouds
468,Hobyo,SO,5.3505,48.5268,298.43,79,0,6.43,clear sky
469,Oga,IT,46.4631,10.347,278.71,80,40,4.63,scattered clouds
470,Petropavlivka,UA,48.4564,36.4367,268.48,88,50,4.84,scattered clouds
471,Poum,NC,-20.2333,164.0167,299.75,69,0,1.98,clear sky
472,Pimentel,PE,-6.8367,-79.9342,298.15,61,90,7.2,overcast clouds
473,Le Pradet,FR,43.1066,6.0172,288.15,72,90,3.6,overcast clouds
474,Sao Joao De Pirabas,BR,-0.7747,-47.1772,300.52,79,12,3.67,few clouds
475,Saurimo,AO,-9.6608,20.3916,293.08,96,100,1.27,overcast clouds
476,Kutum,SD,14.2,24.6667,284.3,41,0,4.1,clear sky
477,Naryan-Mar,RU,67.6713,53.087,240.05,84,94,5.4,overcast clouds
478,Leningradskiy,RU,69.3833,178.4167,248.1,76,0,2.99,clear sky
479,Biggar,GB,55.6167,-3.5167,275.37,40,100,3.58,overcast clouds
480,Lasa,IT,46.6166,10.7002,277.59,93,75,5.66,light rain
481,Marawi,PH,7.9986,124.2928,295.93,92,100,3.13,overcast clouds
482,Alice Springs,AU,-23.7,133.8833,295.37,40,40,2.57,scattered clouds
483,Magaria,NE,12.9983,8.9099,294.79,20,85,4.37,overcast clouds
484,Port Macquarie,AU,-31.4333,152.9167,295.15,94,40,2.57,scattered clouds
485,Listvyanka,RU,51.8535,104.8693,254.15,84,0,0.65,clear sky
486,Antsohihy,MG,-14.8796,47.9875,297.34,91,100,1.28,light rain
487,Raudeberg,NO,61.9875,5.1352,269.15,68,0,3.6,clear sky
488,Drexel Heights,US,32.1412,-111.0284,295.15,14,1,2.06,clear sky
489,Portland,US,45.5234,-122.6762,281.48,76,90,9.26,light rain
490,Harlingen,US,26.1906,-97.6961,295.15,73,90,6.17,overcast clouds
491,The Valley,AI,18.217,-63.0578,301.15,78,75,5.66,broken clouds
492,Saint-Pierre,RE,-21.3393,55.4781,299.26,78,90,2.57,light rain
493,Carballo,ES,43.213,-8.691,278.71,87,74,0.89,broken clouds
494,Yelatma,RU,54.9675,41.7508,251.3,91,91,3.72,overcast clouds
495,Coahuayana,MX,18.7333,-103.6833,300.15,50,1,3.36,clear sky
496,Dubbo,AU,-32.25,148.6167,291.15,76,90,1.71,overcast clouds
497,Westlake Village,US,34.1458,-118.8056,298.71,58,0,0.89,clear sky
498,Turochak,RU,52.2576,87.1224,268.74,96,58,1.6,broken clouds
499,Hammerfest,NO,70.6634,23.6821,269.15,86,75,7.2,light snow
500,Amurzet,RU,47.6967,131.0981,250.1,87,99,3.09,overcast clouds
501,Diu,IN,20.7141,70.9822,292.84,30,2,6.22,clear sky
502,Aksay,RU,47.26,39.87,267.15,79,0,3.0,clear sky
503,Road Town,VG,18.4167,-64.6167,300.15,69,20,4.12,few clouds
504,Wewak,PG,-3.5534,143.6268,298.31,87,100,3.44,overcast clouds
505,Palmer,US,42.1584,-72.3287,278.15,33,20,10.29,few clouds
506,Clarence Town,AU,-32.5833,151.7833,295.15,94,40,6.69,scattered clouds
507,Ahuimanu,US,21.4447,-157.8378,297.15,50,20,2.57,few clouds
508,Chapada Dos Guimaraes,BR,-15.4606,-55.7497,305.15,48,20,4.63,few clouds
509,Hereford,GB,52.0568,-2.7148,275.93,96,37,4.59,scattered clouds
510,Broken Hill,AU,-31.95,141.4333,289.15,72,58,5.66,broken clouds
511,Darhan,MN,49.4867,105.9228,253.76,86,0,3.06,light snow
512,Tokur,RU,53.1333,132.9,241.16,87,79,1.39,broken clouds
513,Tuatapere,NZ,-46.1333,167.6833,290.62,65,2,1.5,clear sky
514,Sisimiut,GL,66.9395,-53.6735,266.82,78,1,5.66,clear sky
515,San Matias,BO,-16.3667,-58.4,305.55,37,30,3.01,scattered clouds
516,Jiaojiang,CN,28.6803,121.4428,287.04,74,35,0.22,scattered clouds
517,Irupi,BR,-20.3453,-41.6411,294.76,91,98,1.16,moderate rain
518,Soltsy,RU,58.1239,30.3238,256.32,93,59,2.81,broken clouds
519,Evensk,RU,61.95,159.2333,261.81,89,95,8.5,overcast clouds
520,Poprad,SK,49.0614,20.298,267.59,86,90,3.6,light snow
521,Palmeiras De Goias,BR,-16.805,-49.9258,298.11,91,99,1.29,very heavy rain
522,Zeya,RU,53.75,127.2667,245.54,81,0,1.94,clear sky
523,Trincomalee,LK,8.5711,81.2335,298.99,85,35,6.17,scattered clouds
524,Goderich,CA,43.7501,-81.7165,267.15,63,100,7.72,overcast clouds
525,Inhambane,MZ,-23.865,35.3833,298.45,86,83,3.63,broken clouds
526,Ferrol,ES,43.4832,-8.2369,280.93,81,40,2.52,scattered clouds
527,Bontang,ID,0.1333,117.5,298.0,84,100,1.83,overcast clouds
528,Mozarlandia,BR,-14.7447,-50.5706,298.86,86,100,4.04,light rain
529,Hay River,CA,60.8156,-115.7999,242.15,56,20,2.06,few clouds
530,High Level,CA,58.5169,-117.136,243.15,69,1,1.54,clear sky
531,Killarney,IE,52.05,-9.5167,276.38,90,85,1.57,overcast clouds
532,Garachine,PA,8.0647,-78.3628,301.41,71,100,3.9,overcast clouds
533,Atbasar,KZ,51.8,68.3333,271.93,98,100,13.99,light snow
534,Uyuni,BO,-20.4597,-66.825,291.34,36,55,3.05,broken clouds
535,Okato,NZ,-39.2,173.8833,291.48,69,52,0.89,broken clouds
536,Spirit River,CA,55.7833,-118.8361,247.04,76,69,1.54,broken clouds
537,Ajdabiya,LY,30.7554,20.2263,290.76,40,52,4.93,broken clouds
538,Madimba,TZ,-10.4,40.3333,300.15,89,40,4.12,scattered clouds
539,Kasempa,ZM,-13.4584,25.8338,292.14,92,76,0.42,moderate rain
540,Kuytun,RU,54.3419,101.5036,259.96,93,100,2.24,overcast clouds
541,Amahai,ID,-3.3333,128.9167,299.11,79,98,1.5,overcast clouds
542,Suffolk,US,40.8668,-72.7996,280.15,33,1,7.72,clear sky
543,Stanger,ZA,-29.3282,31.2895,298.15,83,75,3.09,broken clouds
544,Homer,US,59.6425,-151.5483,274.15,80,1,2.57,clear sky
545,Toppenish,US,46.3774,-120.3087,287.04,44,0,9.47,clear sky
546,Cherskiy,RU,68.75,161.3,250.65,80,0,2.64,clear sky
547,Ust-Kulom,RU,61.6864,53.6902,250.07,89,100,4.68,light snow
548,Ebbs,AT,47.6333,12.2167,279.26,73,100,0.89,overcast clouds
549,Mormugao,IN,15.4,73.8,296.51,62,19,3.35,few clouds
550,Abbotsford,CA,49.058,-122.2526,282.15,93,75,6.69,broken clouds
551,Maragogi,BR,-9.0122,-35.2225,299.55,75,43,4.96,scattered clouds
552,Lang Son,VN,21.8333,106.7333,288.54,66,0,1.17,clear sky
553,Tecoanapa,MX,16.5167,-98.75,302.04,58,22,4.7,few clouds
554,Kasangulu,CD,-4.5911,15.1708,297.15,94,92,1.03,light rain
555,Weligama,LK,5.9667,80.4167,296.53,90,100,3.21,overcast clouds
556,Romodanovo,RU,54.4275,45.3296,251.78,89,86,5.08,overcast clouds
557,Kattivakkam,IN,13.2167,80.3167,294.15,88,20,2.27,mist
558,Kazachinskoye,RU,57.6953,93.2761,268.23,97,100,3.21,overcast clouds
559,Port Blair,IN,11.6667,92.75,298.74,76,13,4.0,few clouds
560,Camacupa,AO,-12.0167,17.4833,290.48,95,100,2.68,moderate rain
561,Berlevag,NO,70.8578,29.0864,270.23,92,100,11.19,light snow
562,Riviere-Au-Renard,CA,48.9957,-64.3971,273.15,74,75,8.75,light snow
563,Palu,ID,-0.8917,119.8707,297.24,76,100,1.22,overcast clouds
564,Rio Gallegos,AR,-51.6226,-69.2181,291.15,22,0,4.12,clear sky
565,Wenatchee,US,47.4235,-120.3103,283.71,50,1,6.69,clear sky
566,Voh,NC,-20.9667,164.7,299.43,76,23,0.58,few clouds
567,Yeppoon,AU,-23.1333,150.7333,299.15,69,96,0.24,overcast clouds
568,Sinnamary,GF,5.3833,-52.95,298.75,86,100,6.58,overcast clouds
569,Avera,US,33.194,-82.5271,282.15,53,90,4.63,overcast clouds
570,Gubkinskiy,RU,64.434,76.5026,253.55,92,100,6.87,overcast clouds
571,Elko,US,41.0002,-115.5012,282.15,31,1,10.29,clear sky
572,Padang,ID,-0.9492,100.3543,296.15,88,90,1.03,overcast clouds
573,Yumen,CN,40.2833,97.2,270.65,71,97,0.67,overcast clouds
574,Zheleznodorozhnyy,RU,55.7503,38.0042,256.15,66,40,7.0,scattered clouds
575,Cam Ranh,VN,11.9214,109.1591,297.15,73,40,5.66,scattered clouds
576,Mbaiki,CF,3.8678,17.9892,297.04,48,1,0.4,clear sky
577,Pedernales,DO,18.0384,-71.744,302.5,53,1,4.82,clear sky
578,Hami,CN,42.8,93.45,272.65,78,8,2.96,clear sky
579,Baker City,US,44.7749,-117.8344,283.15,37,75,1.54,broken clouds
580,Viru,PE,-8.4167,-78.75,295.15,83,98,4.63,overcast clouds
581,Nuoro,IT,40.3211,9.3297,291.48,88,90,5.66,overcast clouds
582,Bathsheba,BB,13.2167,-59.5167,301.15,57,20,8.75,few clouds
583,Sorong,ID,-0.8833,131.25,299.97,80,100,1.19,overcast clouds
584,Herat,AF,34.5,62.0,281.18,55,0,3.37,clear sky
585,Luderitz,NA,-26.6481,15.1594,294.78,56,0,11.69,clear sky
586,Khani,GE,41.9563,42.9566,281.15,93,90,4.12,overcast clouds
587,Severo-Kurilsk,RU,50.6789,156.125,267.05,94,100,6.8,light snow
588,Cabangahan,PH,9.0781,122.9469,298.85,79,62,5.3,broken clouds
589,Simbahan,PH,6.3032,120.5836,300.75,79,99,8.27,overcast clouds
590,Gilgit,PK,35.9221,74.3087,272.7,50,0,1.35,clear sky
591,Muradnagar,IN,28.7833,77.5,285.15,94,0,1.54,mist
592,Peniche,PT,39.3558,-9.3811,285.37,74,34,8.49,scattered clouds
593,Tavda,RU,58.0425,65.2726,274.23,97,100,4.45,snow
594,Gravdal,NO,68.1214,13.5031,273.67,87,63,8.58,broken clouds
595,Faya,SA,18.3851,42.4509,283.15,87,0,1.54,clear sky
596,Dunedin,NZ,-45.8742,170.5036,288.71,78,2,3.47,clear sky
597,De Aar,ZA,-30.6497,24.0123,299.4,40,15,5.84,few clouds
598,Balkanabat,TM,39.5108,54.3671,282.88,67,99,3.36,overcast clouds
599,Indramayu,ID,-6.3264,108.32,298.88,86,100,4.9,overcast clouds
600,Lincoln,US,40.8,-96.667,262.04,61,90,8.23,light snow
601,Churapcha,RU,62.0025,132.4325,237.3,83,100,0.89,overcast clouds
602,Mareeba,AU,-17.0,145.4333,300.15,83,40,1.03,scattered clouds
603,Monteagudo,BO,-19.8167,-63.9833,303.15,42,75,0.67,broken clouds
604,Adeje,ES,28.1227,-16.726,291.15,59,40,2.06,scattered clouds
605,Anapskaya,RU,44.89,37.38,272.15,86,100,6.0,light rain
606,Ouadda,CF,8.0777,22.4007,293.09,25,21,3.25,few clouds
607,Vegreville,CA,53.5001,-112.0518,248.15,58,100,1.54,overcast clouds
608,Batagay-Alyta,RU,67.8006,130.4114,239.88,84,99,0.62,overcast clouds
609,Luwuk,ID,-0.9516,122.7875,298.53,71,100,1.12,overcast clouds
610,Jaguarari,BR,-10.2639,-40.1958,302.94,30,89,1.71,overcast clouds
611,Erzin,TR,36.9559,36.2,287.59,79,0,0.64,clear sky
612,Yeniseysk,RU,58.4497,92.1703,268.03,98,100,2.98,overcast clouds
613,Banda Aceh,ID,5.5577,95.3222,298.48,83,40,3.36,scattered clouds
614,Praia,CV,14.9215,-23.5087,294.15,60,75,9.26,broken clouds
615,Bubaque,GW,11.2833,-15.8333,301.04,54,61,8.02,broken clouds
616,Ati,TD,13.2154,18.3353,294.18,20,38,4.26,scattered clouds
617,Taldan,RU,53.6667,124.8,244.23,84,1,1.5,clear sky
618,Tahara,JP,34.6667,137.2667,282.59,63,0,4.02,clear sky
619,Nanortalik,GL,60.1432,-45.2371,267.42,80,0,2.97,clear sky
620,Gamba,GA,-2.65,10.0,299.54,88,100,2.74,heavy intensity rain
621,Colomba,GT,14.7167,-91.7333,305.15,48,40,3.09,scattered clouds
622,Jalu,LY,29.0331,21.5482,289.89,37,0,4.26,clear sky
623,Dicabisagan,PH,17.0818,122.4157,297.1,88,72,1.85,broken clouds
624,Anchorage,US,61.2181,-149.9003,263.15,92,90,1.38,mist
625,Ulundi,ZA,-28.3352,31.4162,294.67,93,92,1.01,overcast clouds
626,Svetlogorsk,BY,52.6333,29.7333,256.73,92,14,2.79,few clouds
627,Grand-Santi,GF,4.25,-54.3833,297.87,94,96,1.91,moderate rain
628,Ampanihy,MG,-24.7,44.75,297.49,87,0,2.1,clear sky
629,Skibbereen,IE,51.55,-9.2667,278.15,87,75,3.09,broken clouds
630,Rizhao,CN,35.4275,119.4553,278.47,65,55,4.53,broken clouds
631,Ternate,ID,0.8,127.4,299.06,83,100,1.35,light rain
632,Tornabe,HN,15.75,-87.55,302.15,84,20,1.03,few clouds
633,Chandpur,IN,29.15,78.2667,284.14,65,0,3.64,clear sky
634,Lerwick,GB,60.1545,-1.1494,274.15,51,40,8.23,scattered clouds
635,Kroya,ID,-7.6331,109.2461,297.95,84,72,1.52,broken clouds
636,Borba,BR,-4.3878,-59.5939,300.72,90,84,1.64,light rain
637,Horsham,GB,51.064,-0.3272,279.26,93,75,4.63,broken clouds
638,Bowen,AU,-20.0167,148.2333,296.15,100,75,2.42,broken clouds
639,Sungaipenuh,ID,-2.0833,101.3833,290.47,85,91,1.59,overcast clouds
640,Port Augusta,AU,-32.5,137.7667,291.15,82,75,5.66,broken clouds
641,Okha,RU,53.5739,142.9478,254.72,93,99,4.24,overcast clouds
642,Oyama,JP,36.3,139.8,281.48,86,20,1.03,few clouds
643,Shitanjing,CN,39.2342,106.3439,269.39,79,0,0.8,clear sky
644,Powell,US,40.1578,-83.0752,270.93,46,1,3.09,clear sky
645,Behbahan,IR,30.5959,50.2417,289.15,63,75,2.06,broken clouds
646,Praia Da Vitoria,PT,38.7333,-27.0667,289.15,88,40,5.48,scattered clouds
647,Kasihan,ID,-7.8269,110.3292,296.67,87,88,1.76,light rain
648,Rostock,DE,54.0887,12.1405,270.37,68,75,7.2,broken clouds
649,Awjilah,LY,29.1081,21.2869,289.71,36,0,4.26,clear sky
650,Majholi,IN,23.5,79.9167,283.11,54,0,1.57,clear sky
651,Beira,MZ,-19.8436,34.8389,301.15,94,20,1.03,light rain
652,Channel-Port Aux Basques,CA,47.5702,-59.1367,276.03,81,100,8.9,overcast clouds
653,Tarko-Sale,RU,64.9225,77.785,252.36,91,100,6.04,overcast clouds
654,Kimberley,ZA,-28.7323,24.7623,294.15,83,93,4.12,overcast clouds
655,Rawson,AR,-43.3002,-65.1023,289.59,64,100,11.41,overcast clouds
656,Teya,RU,60.3778,92.6267,264.04,93,100,4.23,overcast clouds
657,Lusambo,CD,-4.9667,23.45,296.31,86,99,0.24,overcast clouds
658,Borgo San Dalmazzo,IT,44.333,7.4858,280.93,88,100,0.38,moderate rain
659,Dafeng,CN,23.4517,108.5881,291.37,66,14,1.7,few clouds
660,Puerto Escondido,MX,15.85,-97.0667,302.15,74,40,5.14,scattered clouds
661,Scottsbluff,US,41.8666,-103.6672,264.15,67,90,6.69,light snow
662,Crotone,IT,39.0851,17.1178,287.04,52,60,3.72,broken clouds
663,Severo-Yeniseyskiy,RU,60.3725,93.0408,262.65,96,99,5.14,overcast clouds
664,Pemberton,CA,50.3164,-122.8027,278.15,93,90,1.03,overcast clouds
665,Tigil,RU,57.8,158.6667,266.73,91,100,11.29,overcast clouds
666,Manokwari,ID,-0.8667,134.0833,298.57,85,100,2.61,overcast clouds
667,Jeremie,HT,18.65,-74.1167,300.42,69,95,1.38,overcast clouds
668,Chegem,RU,43.2833,43.1333,274.15,80,90,2.0,light snow
669,Solana Beach,US,32.9912,-117.2711,297.15,51,1,2.57,clear sky
670,Mangai,CD,-4.05,19.5333,296.13,89,83,0.66,broken clouds
671,Labuhan,ID,-6.8844,112.2051,298.31,85,4,4.21,clear sky
672,Sapele,NG,5.8941,5.6767,300.95,78,0,1.79,clear sky
673,Marfino,RU,55.7028,37.3822,256.15,71,75,6.0,broken clouds
674,Coihaique,CL,-45.5752,-72.0662,298.15,29,20,2.57,few clouds
675,Peski,RU,55.2163,38.7626,256.15,66,40,7.0,scattered clouds
676,Pangody,RU,65.85,74.4859,242.64,86,55,5.66,broken clouds
677,Carbonia,IT,39.1672,8.5222,290.93,72,100,7.2,light rain
678,Kurilsk,RU,45.2333,147.8833,266.02,93,100,6.04,overcast clouds
679,Athabasca,CA,54.7169,-113.2854,248.15,58,99,0.51,overcast clouds
680,Mpika,ZM,-11.8343,31.4529,291.28,95,100,1.71,light rain
681,Tilichiki,RU,60.4667,166.1,260.56,89,100,6.69,overcast clouds
682,Polunochnoye,RU,60.8697,60.4153,248.0,90,100,5.78,light snow
683,Volosovo,RU,59.4333,29.4833,260.15,78,4,7.0,snow
684,Safaga,EG,26.7292,33.9365,290.15,59,0,2.57,clear sky
685,Puerto Carreno,CO,6.189,-67.4859,308.76,33,94,4.81,overcast clouds
686,Liaozhong,CN,41.5061,122.7242,261.15,79,0,1.0,clear sky
687,Tubuala,PA,9.5167,-79.0333,305.15,62,40,5.66,scattered clouds
688,Camalu,MX,30.85,-116.0667,293.15,43,0,2.24,clear sky
689,Havre-Saint-Pierre,CA,50.2334,-63.5986,273.15,93,90,2.57,snow
690,Buraydah,SA,26.326,43.975,283.15,100,75,2.06,broken clouds
691,Thunder Bay,CA,48.4001,-89.3168,254.82,60,75,7.2,snow
692,Namtsy,RU,62.7161,129.6658,230.15,66,87,2.0,fog
693,Manama,BH,26.2154,50.5832,293.15,88,0,5.14,clear sky
694,Worthington,US,40.0931,-83.018,270.93,46,1,3.09,clear sky
695,Meulaboh,ID,4.1363,96.1285,297.6,91,75,2.44,broken clouds
696,Katobu,ID,-4.9408,122.5276,297.51,93,100,0.35,overcast clouds
697,Dzhuryn,UA,49.0329,25.5839,271.48,72,100,3.38,overcast clouds
698,Kulhudhuffushi,MV,6.6221,73.07,300.36,76,2,3.86,clear sky
699,Kupang,ID,-10.1667,123.5833,299.54,82,100,4.39,overcast clouds
700,Maibong,IN,25.3,93.1667,287.06,63,0,0.38,clear sky
701,Foumban,CM,5.7291,10.9001,293.08,33,7,1.22,clear sky
702,Gushikawa,JP,26.3544,127.8686,292.15,77,20,3.09,few clouds
